{
  "variance": {
    "chess": 0.3000379800796509,
    "shogi": 0.32398247718811035
  },
  "seeds": [
    7,
    99,
    256,
    512,
    2024
  ],
  "modes": {
    "raw": {
      "chess_within": {
        "mean": 0.11891149282455445,
        "std": 0.0005521151202758211,
        "vals": [
          0.1188073679804802,
          0.1194848045706749,
          0.11794737726449966,
          0.11890143901109695,
          0.11941647529602051
        ]
      },
      "shogi_within": {
        "mean": 0.13055644035339356,
        "std": 0.0027462145581088663,
        "vals": [
          0.13205593824386597,
          0.1329403519630432,
          0.1269344687461853,
          0.1275426596403122,
          0.1333087831735611
        ]
      },
      "chess2shogi": {
        "mean": 0.2539845287799835,
        "std": 0.009091980890826327,
        "vals": [
          0.2602420151233673,
          0.25931358337402344,
          0.2640050947666168,
          0.2407396286725998,
          0.24562232196331024
        ]
      },
      "shogi2chess": {
        "mean": 0.17524430751800538,
        "std": 0.010292407054690741,
        "vals": [
          0.1708216369152069,
          0.16477841138839722,
          0.16839390993118286,
          0.1784536987543106,
          0.19377388060092926
        ]
      }
    },
    "per-game-standardized": {
      "chess_within": {
        "mean": 0.11676178425550461,
        "std": 0.0012206642314274503,
        "vals": [
          0.11601536720991135,
          0.11799903213977814,
          0.11473187804222107,
          0.11736207455396652,
          0.11770056933164597
        ]
      },
      "shogi_within": {
        "mean": 0.13003901839256288,
        "std": 0.0028068604834236865,
        "vals": [
          0.13239669799804688,
          0.13334205746650696,
          0.12773506343364716,
          0.12591303884983063,
          0.13080823421478271
        ]
      },
      "chess2shogi": {
        "mean": 0.26801309883594515,
        "std": 0.0283976791574979,
        "vals": [
          0.29700392484664917,
          0.25112417340278625,
          0.3052685260772705,
          0.2555899918079376,
          0.2310788780450821
        ]
      },
      "shogi2chess": {
        "mean": 0.21160009801387786,
        "std": 0.007893373684133186,
        "vals": [
          0.20544548332691193,
          0.20045454800128937,
          0.2210094928741455,
          0.2116883248090744,
          0.21940264105796814
        ]
      }
    }
  }
}