{
  "variance": {
    "chess": 0.3000379800796509,
    "shogi": 0.32398247718811035
  },
  "seeds": [
    42,
    123,
    456,
    789,
    1337
  ],
  "modes": {
    "raw": {
      "chess_within": {
        "mean": 0.11871253103017806,
        "std": 0.0020792309650034557,
        "vals": [
          0.11983954906463623,
          0.12230338901281357,
          0.11701851338148117,
          0.11712981760501862,
          0.11727138608694077
        ]
      },
      "shogi_within": {
        "mean": 0.1299310505390167,
        "std": 0.002543460773523125,
        "vals": [
          0.1342742145061493,
          0.13030003011226654,
          0.12989205121994019,
          0.12649309635162354,
          0.12869586050510406
        ]
      },
      "chess2shogi": {
        "mean": 0.25652784705162046,
        "std": 0.015490396184639542,
        "vals": [
          0.2539316415786743,
          0.265053391456604,
          0.2346819043159485,
          0.2484171986579895,
          0.2805550992488861
        ]
      },
      "shogi2chess": {
        "mean": 0.16998933255672455,
        "std": 0.010090300709558105,
        "vals": [
          0.17844340205192566,
          0.18561677634716034,
          0.1617913395166397,
          0.1621747612953186,
          0.16192038357257843
        ]
      }
    },
    "per-game-standardized": {
      "chess_within": {
        "mean": 0.11606685519218445,
        "std": 0.0015111511205799521,
        "vals": [
          0.1167844831943512,
          0.11832895129919052,
          0.11396213620901108,
          0.11493179947137833,
          0.11632690578699112
        ]
      },
      "shogi_within": {
        "mean": 0.12979023158550262,
        "std": 0.001778913120481352,
        "vals": [
          0.13280460238456726,
          0.1306689977645874,
          0.12870509922504425,
          0.12773659825325012,
          0.1290358603000641
        ]
      },
      "chess2shogi": {
        "mean": 0.2974047064781189,
        "std": 0.03133396999832735,
        "vals": [
          0.26011085510253906,
          0.2872227132320404,
          0.32810038328170776,
          0.3399384021759033,
          0.27165117859840393
        ]
      },
      "shogi2chess": {
        "mean": 0.2070002406835556,
        "std": 0.01147326781106662,
        "vals": [
          0.22638669610023499,
          0.20934812724590302,
          0.2034711390733719,
          0.20492123067378998,
          0.19087401032447815
        ]
      }
    }
  }
}