{
  "train_game": "shogi",
  "target": "chess",
  "seed": 7,
  "meta_iters": 2000,
  "within_game": {
    "0": {
      "mse": 0.6217778054873149,
      "se": 0.014537457451518203
    },
    "1": {
      "mse": 0.3237625409662723,
      "se": 0.012791051885297442
    },
    "3": {
      "mse": 0.1385980531014502,
      "se": 0.00809512932371749
    },
    "5": {
      "mse": 0.14457572283223272,
      "se": 0.009334358212499429
    },
    "10": {
      "mse": 0.13913567189360038,
      "se": 0.008422170725843394
    }
  },
  "cross_game": {
    "0": {
      "mse": 0.6235337794820468,
      "se": 0.006751721875896703
    },
    "1": {
      "mse": 0.3635020508865515,
      "se": 0.0063513004024910525
    },
    "3": {
      "mse": 0.14182085347672305,
      "se": 0.0036971328203151497
    },
    "5": {
      "mse": 0.14446984082460404,
      "se": 0.003730409452973145
    },
    "10": {
      "mse": 0.14455204839507738,
      "se": 0.003674671853828283
    }
  },
  "random_body_target": {
    "0": 0.30304293178021907,
    "5": 0.2709444502244393
  }
}