{
  "train_game": "chess",
  "target": "shogi",
  "seed": 256,
  "meta_iters": 2000,
  "within_game": {
    "0": {
      "mse": 0.12305866404126088,
      "se": 0.003244071355071176
    },
    "1": {
      "mse": 0.12431231210629146,
      "se": 0.003370957421192575
    },
    "3": {
      "mse": 0.12480956903348367,
      "se": 0.0035306083260364953
    },
    "5": {
      "mse": 0.13702685356140137,
      "se": 0.0038989201636655405
    },
    "10": {
      "mse": 0.12503622471044462,
      "se": 0.003219507997021445
    }
  },
  "cross_game": {
    "0": {
      "mse": 0.20423647890798746,
      "se": 0.009197397363654965
    },
    "1": {
      "mse": 0.2202973895271619,
      "se": 0.01011642961124673
    },
    "3": {
      "mse": 0.20591726763794818,
      "se": 0.008507610364960885
    },
    "5": {
      "mse": 0.2017974199509869,
      "se": 0.009369835469656942
    },
    "10": {
      "mse": 0.20271424228170265,
      "se": 0.009445347379051837
    }
  },
  "random_body_target": {
    "0": 0.476941904425621,
    "5": 0.42443706865111985
  }
}