{
  "train_game": "chess",
  "target": "shogi",
  "seed": 1337,
  "meta_iters": 2000,
  "within_game": {
    "0": {
      "mse": 0.11766631302113334,
      "se": 0.003880612151588922
    },
    "1": {
      "mse": 0.11867765427877505,
      "se": 0.0038871138328260228
    },
    "3": {
      "mse": 0.12006645932793618,
      "se": 0.004369871018516429
    },
    "5": {
      "mse": 0.11291228739234309,
      "se": 0.003881860535626456
    },
    "10": {
      "mse": 0.10840290940056245,
      "se": 0.003846449157027801
    }
  },
  "cross_game": {
    "0": {
      "mse": 0.2043587847193703,
      "se": 0.009705771995673212
    },
    "1": {
      "mse": 0.19281342680721233,
      "se": 0.00965699608961191
    },
    "3": {
      "mse": 0.1780472967447713,
      "se": 0.00938139935462947
    },
    "5": {
      "mse": 0.20290006319681803,
      "se": 0.010075269653807215
    },
    "10": {
      "mse": 0.18749000260295967,
      "se": 0.008889260756863544
    }
  },
  "random_body_target": {
    "0": 0.43909834802150727,
    "5": 0.41246607090036075
  }
}