{
  "train_game": "shogi",
  "target": "chess",
  "seed": 512,
  "meta_iters": 2000,
  "within_game": {
    "0": {
      "mse": 0.19075783994669715,
      "se": 0.008323099175177201
    },
    "1": {
      "mse": 0.16341301880970907,
      "se": 0.009786545993225178
    },
    "3": {
      "mse": 0.13800386306664827,
      "se": 0.007780395944157262
    },
    "5": {
      "mse": 0.13656576070662899,
      "se": 0.007893679972208554
    },
    "10": {
      "mse": 0.123007077043488,
      "se": 0.006796859275754827
    }
  },
  "cross_game": {
    "0": {
      "mse": 0.26561850306888424,
      "se": 0.005289372233894264
    },
    "1": {
      "mse": 0.18663205711791914,
      "se": 0.0037101241830238513
    },
    "3": {
      "mse": 0.17817721024776498,
      "se": 0.003959965504260046
    },
    "5": {
      "mse": 0.1804292003189524,
      "se": 0.00408002847784126
    },
    "10": {
      "mse": 0.1774139902740717,
      "se": 0.0038792655039971134
    }
  },
  "random_body_target": {
    "0": 0.3332511221865813,
    "5": 0.28271382477134466
  }
}