{
  "train_game": "shogi",
  "target": "chess",
  "seed": 456,
  "meta_iters": 2000,
  "within_game": {
    "0": {
      "mse": 0.2087602615604798,
      "se": 0.009169326572496523
    },
    "1": {
      "mse": 0.13933334286790341,
      "se": 0.006780497685929176
    },
    "3": {
      "mse": 0.12952892809873448,
      "se": 0.006819038093943557
    },
    "5": {
      "mse": 0.13413346155857048,
      "se": 0.006999179824934412
    },
    "10": {
      "mse": 0.11045399289190148,
      "se": 0.005613337804545463
    }
  },
  "cross_game": {
    "0": {
      "mse": 0.21930148805181185,
      "se": 0.004234381539899244
    },
    "1": {
      "mse": 0.1501780130962531,
      "se": 0.003323512891343925
    },
    "3": {
      "mse": 0.14788870124767223,
      "se": 0.003318653478011691
    },
    "5": {
      "mse": 0.14574324192479252,
      "se": 0.0037202125976171347
    },
    "10": {
      "mse": 0.1515945365279913,
      "se": 0.003931099228997426
    }
  },
  "random_body_target": {
    "0": 0.2832143384280304,
    "5": 0.2672203158463041
  }
}