{
  "train_game": "shogi",
  "target": "chess",
  "seed": 2024,
  "meta_iters": 2000,
  "within_game": {
    "0": {
      "mse": 0.19316135259345174,
      "se": 0.00963639563287882
    },
    "1": {
      "mse": 0.18790940656869984,
      "se": 0.010025876924808795
    },
    "3": {
      "mse": 0.16489016986063992,
      "se": 0.009178319486464094
    },
    "5": {
      "mse": 0.1503496737793709,
      "se": 0.008296022082577546
    },
    "10": {
      "mse": 0.1758510574318158,
      "se": 0.009327435122330884
    }
  },
  "cross_game": {
    "0": {
      "mse": 0.16206729713827372,
      "se": 0.004327245352669849
    },
    "1": {
      "mse": 0.1619621359060208,
      "se": 0.004271983511380804
    },
    "3": {
      "mse": 0.1537321236357093,
      "se": 0.0040023619432826806
    },
    "5": {
      "mse": 0.14253397308290006,
      "se": 0.003341078786405146
    },
    "10": {
      "mse": 0.14296582222605744,
      "se": 0.0036982696748608843
    }
  },
  "random_body_target": {
    "0": 0.2754781112478425,
    "5": 0.2752168681534628
  }
}