{
  "train_game": "chess",
  "target": "shogi",
  "seed": 456,
  "meta_iters": 2000,
  "within_game": {
    "0": {
      "mse": 0.11745441957066456,
      "se": 0.0036331164595976616
    },
    "1": {
      "mse": 0.1206389568435649,
      "se": 0.004154093889490104
    },
    "3": {
      "mse": 0.12550929030403496,
      "se": 0.003923221366936514
    },
    "5": {
      "mse": 0.1191041108717521,
      "se": 0.0036429946398399866
    },
    "10": {
      "mse": 0.11938241803397735,
      "se": 0.003310925626347637
    }
  },
  "cross_game": {
    "0": {
      "mse": 0.20621082510178287,
      "se": 0.010660214576922395
    },
    "1": {
      "mse": 0.18388977808101722,
      "se": 0.00968007777328467
    },
    "3": {
      "mse": 0.1868383095630755,
      "se": 0.009848954331907071
    },
    "5": {
      "mse": 0.18310680807257693,
      "se": 0.009573309672286574
    },
    "10": {
      "mse": 0.181006032860217,
      "se": 0.00934912464664547
    }
  },
  "random_body_target": {
    "0": 0.4417074699699879,
    "5": 0.38201077649990717
  }
}