{
  "train_game": "shogi",
  "target": "chess",
  "seed": 789,
  "meta_iters": 2000,
  "within_game": {
    "0": {
      "mse": 0.4709291138810416,
      "se": 0.015157600377445558
    },
    "1": {
      "mse": 0.38330767227802426,
      "se": 0.015410998826572571
    },
    "3": {
      "mse": 0.26696906321138764,
      "se": 0.013182524285311173
    },
    "5": {
      "mse": 0.21052719676091025,
      "se": 0.010014127597344408
    },
    "10": {
      "mse": 0.1829295518276437,
      "se": 0.009630037684931396
    }
  },
  "cross_game": {
    "0": {
      "mse": 0.586672219534715,
      "se": 0.007594844464803035
    },
    "1": {
      "mse": 0.38352862412730854,
      "se": 0.007418399358888529
    },
    "3": {
      "mse": 0.18651765442142884,
      "se": 0.00458544536382928
    },
    "5": {
      "mse": 0.1818284303446611,
      "se": 0.004206571126316876
    },
    "10": {
      "mse": 0.1692978826848169,
      "se": 0.004304741034619811
    }
  },
  "random_body_target": {
    "0": 0.2600526147708297,
    "5": 0.268470856534938
  }
}