{
  "train_game": "shogi",
  "target": "chess",
  "seed": 123,
  "meta_iters": 2000,
  "within_game": {
    "0": {
      "mse": 0.6505604238559802,
      "se": 0.018203622868575246
    },
    "1": {
      "mse": 0.5092933875198166,
      "se": 0.017240480435729028
    },
    "3": {
      "mse": 0.22570229405226808,
      "se": 0.010348276662953673
    },
    "5": {
      "mse": 0.19298975003883242,
      "se": 0.009475460879020365
    },
    "10": {
      "mse": 0.189780964924333,
      "se": 0.00899695536351227
    }
  },
  "cross_game": {
    "0": {
      "mse": 0.8185825540622076,
      "se": 0.008790487082715138
    },
    "1": {
      "mse": 0.6269702663024267,
      "se": 0.008502168321118575
    },
    "3": {
      "mse": 0.19283512260143956,
      "se": 0.004657998852834099
    },
    "5": {
      "mse": 0.17231695555150509,
      "se": 0.0035957320897564257
    },
    "10": {
      "mse": 0.16556659986575445,
      "se": 0.003961751179851035
    }
  },
  "random_body_target": {
    "0": 0.28791664275030293,
    "5": 0.27420664886012674
  }
}