{
  "train_game": "shogi",
  "target": "chess",
  "seed": 99,
  "meta_iters": 2000,
  "within_game": {
    "0": {
      "mse": 0.19208766214859982,
      "se": 0.007618203023820198
    },
    "1": {
      "mse": 0.1570920894287216,
      "se": 0.007918145601089187
    },
    "3": {
      "mse": 0.14819837221487736,
      "se": 0.007357705853923968
    },
    "5": {
      "mse": 0.15134643936490952,
      "se": 0.00794166000168572
    },
    "10": {
      "mse": 0.13968855779850856,
      "se": 0.007270653079816847
    }
  },
  "cross_game": {
    "0": {
      "mse": 0.22634512866536777,
      "se": 0.004381944680675518
    },
    "1": {
      "mse": 0.2289037264386813,
      "se": 0.004484569697372947
    },
    "3": {
      "mse": 0.22241458350171645,
      "se": 0.004374483095806715
    },
    "5": {
      "mse": 0.20956903948138159,
      "se": 0.004217436054425874
    },
    "10": {
      "mse": 0.20204828987518947,
      "se": 0.004208471089359075
    }
  },
  "random_body_target": {
    "0": 0.2908122402181228,
    "5": 0.27720295916621884
  }
}