{
  "train_game": "chess",
  "target": "shogi",
  "seed": 2024,
  "meta_iters": 2000,
  "within_game": {
    "0": {
      "mse": 0.12734666980803014,
      "se": 0.003915331489205387
    },
    "1": {
      "mse": 0.12830849785978596,
      "se": 0.003912827032081996
    },
    "3": {
      "mse": 0.13139563864717882,
      "se": 0.0041129241664738525
    },
    "5": {
      "mse": 0.1324676310333113,
      "se": 0.0038195984189040087
    },
    "10": {
      "mse": 0.12797029222672185,
      "se": 0.00390042727006862
    }
  },
  "cross_game": {
    "0": {
      "mse": 0.20027914099705715,
      "se": 0.009680418597734764
    },
    "1": {
      "mse": 0.19281720905564725,
      "se": 0.009389233789196242
    },
    "3": {
      "mse": 0.16415232123807072,
      "se": 0.008400833095369627
    },
    "5": {
      "mse": 0.17652334044997892,
      "se": 0.008765818467875601
    },
    "10": {
      "mse": 0.1776398083222254,
      "se": 0.008422545831445007
    }
  },
  "random_body_target": {
    "0": 0.4166651266316573,
    "5": 0.3828647099186977
  }
}