{
  "train_game": "chess",
  "target": "shogi",
  "seed": 42,
  "meta_iters": 2000,
  "within_game": {
    "0": {
      "mse": 0.13243619746218124,
      "se": 0.004178668380352701
    },
    "1": {
      "mse": 0.12562745760505398,
      "se": 0.0035564665884914204
    },
    "3": {
      "mse": 0.12640785219768683,
      "se": 0.0039138188324636305
    },
    "5": {
      "mse": 0.12311044993499914,
      "se": 0.00409702679239167
    },
    "10": {
      "mse": 0.12364495660488804,
      "se": 0.0034587487133953612
    }
  },
  "cross_game": {
    "0": {
      "mse": 0.2188473653389762,
      "se": 0.011419480107358056
    },
    "1": {
      "mse": 0.2051228706794791,
      "se": 0.009928825431491251
    },
    "3": {
      "mse": 0.17885470469404632,
      "se": 0.01022387209267465
    },
    "5": {
      "mse": 0.18793069327871004,
      "se": 0.010259202167616943
    },
    "10": {
      "mse": 0.1746241811197251,
      "se": 0.008448434837690262
    }
  },
  "random_body_target": {
    "0": 0.4448768769701322,
    "5": 0.40502883824209374
  }
}