{
  "train_game": "chess",
  "target": "shogi",
  "seed": 7,
  "meta_iters": 2000,
  "within_game": {
    "0": {
      "mse": 0.13056081235408784,
      "se": 0.00400442395961668
    },
    "1": {
      "mse": 0.12844288504992923,
      "se": 0.00366035392609362
    },
    "3": {
      "mse": 0.12679863987800977,
      "se": 0.003558556171663716
    },
    "5": {
      "mse": 0.12754932361344495,
      "se": 0.003872877024679184
    },
    "10": {
      "mse": 0.12718643916149935,
      "se": 0.0038981090348681876
    }
  },
  "cross_game": {
    "0": {
      "mse": 0.21108129678294063,
      "se": 0.010971953176963083
    },
    "1": {
      "mse": 0.21448867298662663,
      "se": 0.010414087231826298
    },
    "3": {
      "mse": 0.209821247694393,
      "se": 0.010440618596044367
    },
    "5": {
      "mse": 0.21897471248793104,
      "se": 0.010027474518053055
    },
    "10": {
      "mse": 0.20086150960996746,
      "se": 0.00888085310150871
    }
  },
  "random_body_target": {
    "0": 0.5062209908167521,
    "5": 0.3774053844312827
  }
}