{
  "train_game": "chess",
  "target": "shogi",
  "seed": 123,
  "meta_iters": 2000,
  "within_game": {
    "0": {
      "mse": 0.14333809080223242,
      "se": 0.004249080935533979
    },
    "1": {
      "mse": 0.13360199565688768,
      "se": 0.0035083637932146502
    },
    "3": {
      "mse": 0.14070686866218846,
      "se": 0.004060732984355392
    },
    "5": {
      "mse": 0.13534094225615262,
      "se": 0.003983011292851034
    },
    "10": {
      "mse": 0.1292864980176091,
      "se": 0.004091976218216511
    }
  },
  "cross_game": {
    "0": {
      "mse": 0.20308832616079597,
      "se": 0.008477098975778875
    },
    "1": {
      "mse": 0.1953483636584133,
      "se": 0.008968235029247283
    },
    "3": {
      "mse": 0.21089836985493698,
      "se": 0.009673285621003929
    },
    "5": {
      "mse": 0.20839661767861495,
      "se": 0.010326974302810174
    },
    "10": {
      "mse": 0.17684369052760304,
      "se": 0.008010198428593861
    }
  },
  "random_body_target": {
    "0": 0.4414166579643885,
    "5": 0.39661510893454155
  }
}