{
  "train_game": "chess",
  "target": "shogi",
  "seed": 99,
  "meta_iters": 2000,
  "within_game": {
    "0": {
      "mse": 0.11764593664556741,
      "se": 0.0037255090442972144
    },
    "1": {
      "mse": 0.11811851385980844,
      "se": 0.0033529393586943157
    },
    "3": {
      "mse": 0.11906442124396563,
      "se": 0.003388064031152581
    },
    "5": {
      "mse": 0.11705481778209408,
      "se": 0.003159772546081744
    },
    "10": {
      "mse": 0.1089817535939316,
      "se": 0.0030463193322236293
    }
  },
  "cross_game": {
    "0": {
      "mse": 0.20359592613841718,
      "se": 0.009443045119836312
    },
    "1": {
      "mse": 0.2042003593252351,
      "se": 0.009537468022096332
    },
    "3": {
      "mse": 0.19212751138179252,
      "se": 0.009651092117960598
    },
    "5": {
      "mse": 0.18011924475431443,
      "se": 0.009063264172808132
    },
    "10": {
      "mse": 0.19890242019357782,
      "se": 0.011993014612925125
    }
  },
  "random_body_target": {
    "0": 0.5628995314737161,
    "5": 0.39925655608375865
  }
}