{
  "train_game": "chess",
  "target": "shogi",
  "seed": 789,
  "meta_iters": 2000,
  "within_game": {
    "0": {
      "mse": 0.12298225589096547,
      "se": 0.003750218257448614
    },
    "1": {
      "mse": 0.11438966771587729,
      "se": 0.003325472118224178
    },
    "3": {
      "mse": 0.11812416963279247,
      "se": 0.003515022273723953
    },
    "5": {
      "mse": 0.1125665991815428,
      "se": 0.003388803443818575
    },
    "10": {
      "mse": 0.11267359248672923,
      "se": 0.00343438074105037
    }
  },
  "cross_game": {
    "0": {
      "mse": 0.19408460043681164,
      "se": 0.009887082596484045
    },
    "1": {
      "mse": 0.19731948872329666,
      "se": 0.009880500222955581
    },
    "3": {
      "mse": 0.17999457405880093,
      "se": 0.007717859367827615
    },
    "5": {
      "mse": 0.2058279846655205,
      "se": 0.009910127854047645
    },
    "10": {
      "mse": 0.17689150062409073,
      "se": 0.008089672303036791
    }
  },
  "random_body_target": {
    "0": 0.4573439565797647,
    "5": 0.4190367248654365
  }
}