{
  "train_game": "chess",
  "target": "shogi",
  "seed": 512,
  "meta_iters": 2000,
  "within_game": {
    "0": {
      "mse": 0.12645523794616262,
      "se": 0.003566859707946685
    },
    "1": {
      "mse": 0.11899098818500836,
      "se": 0.003304040098954979
    },
    "3": {
      "mse": 0.11905537541955709,
      "se": 0.003325788727361469
    },
    "5": {
      "mse": 0.1206434490904212,
      "se": 0.003339478219846177
    },
    "10": {
      "mse": 0.11687988685443998,
      "se": 0.003408949762818212
    }
  },
  "cross_game": {
    "0": {
      "mse": 0.1817670266609639,
      "se": 0.009257045384221478
    },
    "1": {
      "mse": 0.19823213218400876,
      "se": 0.009412244129439628
    },
    "3": {
      "mse": 0.1766067813274761,
      "se": 0.008756443580821928
    },
    "5": {
      "mse": 0.19167247078381477,
      "se": 0.009318866485408328
    },
    "10": {
      "mse": 0.17313606195539857,
      "se": 0.007866073730365375
    }
  },
  "random_body_target": {
    "0": 0.4841846641153097,
    "5": 0.4033108684917291
  }
}