{
  "train_game": "shogi",
  "target": "chess",
  "seed": 42,
  "meta_iters": 2000,
  "within_game": {
    "0": {
      "mse": 0.8227369768420855,
      "se": 0.015596364427684134
    },
    "1": {
      "mse": 0.6583271519839764,
      "se": 0.016443751877352007
    },
    "3": {
      "mse": 0.35977476939558983,
      "se": 0.017596276765805535
    },
    "5": {
      "mse": 0.26343677814429006,
      "se": 0.011438699120543686
    },
    "10": {
      "mse": 0.22968863800012818,
      "se": 0.011256605590700507
    }
  },
  "cross_game": {
    "0": {
      "mse": 0.896705548663934,
      "se": 0.009275238765726236
    },
    "1": {
      "mse": 0.7583938678105672,
      "se": 0.008377726679841959
    },
    "3": {
      "mse": 0.24370548564940692,
      "se": 0.007473878369231061
    },
    "5": {
      "mse": 0.18481431689113378,
      "se": 0.004341031173285393
    },
    "10": {
      "mse": 0.17411318321401875,
      "se": 0.004295514870102771
    }
  },
  "random_body_target": {
    "0": 0.2775388164632022,
    "5": 0.2518724251693735
  }
}