{
  "train_game": "shogi",
  "target": "chess",
  "seed": 1337,
  "meta_iters": 2000,
  "within_game": {
    "0": {
      "mse": 0.9583362705508868,
      "se": 0.013460030430525238
    },
    "1": {
      "mse": 0.4796401281018431,
      "se": 0.016665601598766344
    },
    "3": {
      "mse": 0.139636001928399,
      "se": 0.006949249576092469
    },
    "5": {
      "mse": 0.11564271487140407,
      "se": 0.005523282854908302
    },
    "10": {
      "mse": 0.10542211805315067,
      "se": 0.0051232340823551365
    }
  },
  "cross_game": {
    "0": {
      "mse": 0.8053452168901761,
      "se": 0.007906558641277902
    },
    "1": {
      "mse": 0.49133599251508714,
      "se": 0.007519318636686262
    },
    "3": {
      "mse": 0.17077928497145572,
      "se": 0.0037133950614568444
    },
    "5": {
      "mse": 0.15509234067673486,
      "se": 0.003476062811668296
    },
    "10": {
      "mse": 0.15196046904971203,
      "se": 0.0037399369515809097
    }
  },
  "random_body_target": {
    "0": 0.267943837698549,
    "5": 0.27528360423321524
  }
}