{
  "train_game": "shogi",
  "target": "chess",
  "seed": 256,
  "meta_iters": 2000,
  "within_game": {
    "0": {
      "mse": 0.44921155475080016,
      "se": 0.013750660217141745
    },
    "1": {
      "mse": 0.1898322727624327,
      "se": 0.009561584299081568
    },
    "3": {
      "mse": 0.13090362223408494,
      "se": 0.007934168985261692
    },
    "5": {
      "mse": 0.14565962599978471,
      "se": 0.008253842690788589
    },
    "10": {
      "mse": 0.13700756911110754,
      "se": 0.006650690373422589
    }
  },
  "cross_game": {
    "0": {
      "mse": 0.5764595120648544,
      "se": 0.0073789449988372665
    },
    "1": {
      "mse": 0.2179075398358206,
      "se": 0.0051149647509097194
    },
    "3": {
      "mse": 0.17157399675498405,
      "se": 0.004002792831590738
    },
    "5": {
      "mse": 0.1762701188897093,
      "se": 0.003794265700974948
    },
    "10": {
      "mse": 0.16872309147069853,
      "se": 0.003882031119421761
    }
  },
  "random_body_target": {
    "0": 0.294099568836391,
    "5": 0.2881614711880684
  }
}